서울시기준일,서울시 일자별 확진자,서울시 누적 확진자,서울시 일자별 사망자,서울시 누적 사망자,연월,월일
2020-01-19,0,0,0,0,2020-01,01-19
2020-01-20,0,0,0,0,2020-01,01-20
2020-01-21,0,0,0,0,2020-01,01-21
2020-01-22,0,0,0,0,2020-01,01-22
2020-01-23,0,0,0,0,2020-01,01-23
2020-01-24,1,1,0,0,2020-01,01-24
2020-01-25,0,1,0,0,2020-01,01-25
2020-01-26,0,1,0,0,2020-01,01-26
2020-01-27,0,1,0,0,2020-01,01-27
2020-01-28,0,1,0,0,2020-01,01-28
2020-01-29,0,1,0,0,2020-01,01-29
2020-01-30,3,4,0,0,2020-01,01-30
2020-01-31,3,7,0,0,2020-01,01-31
2020-02-01,0,7,0,0,2020-02,02-01
2020-02-02,1,8,0,0,2020-02,02-02
2020-02-03,0,8,0,0,2020-02,02-03
2020-02-04,0,8,0,0,2020-02,02-04
2020-02-05,2,10,0,0,2020-02,02-05
2020-02-06,2,12,0,0,2020-02,02-06
2020-02-07,0,12,0,0,2020-02,02-07
2020-02-08,0,12,0,0,2020-02,02-08
2020-02-09,0,12,0,0,2020-02,02-09
2020-02-10,0,12,0,0,2020-02,02-10
2020-02-11,0,12,0,0,2020-02,02-11
2020-02-12,0,12,0,0,2020-02,02-12
2020-02-13,0,12,0,0,2020-02,02-13
2020-02-14,0,12,0,0,2020-02,02-14
2020-02-15,0,12,0,0,2020-02,02-15
2020-02-16,2,14,0,0,2020-02,02-16
2020-02-17,0,14,0,0,2020-02,02-17
2020-02-18,0,14,0,0,2020-02,02-18
2020-02-19,2,16,0,0,2020-02,02-19
2020-02-20,0,16,0,0,2020-02,02-20
2020-02-21,5,21,0,0,2020-02,02-21
2020-02-22,2,23,0,0,2020-02,02-22
2020-02-23,3,26,0,0,2020-02,02-23
2020-02-24,4,30,0,0,2020-02,02-24
2020-02-25,7,37,0,0,2020-02,02-25
2020-02-26,8,45,0,0,2020-02,02-26
2020-02-27,10,55,0,0,2020-02,02-27
2020-02-28,7,62,0,0,2020-02,02-28
2020-02-29,12,74,0,0,2020-02,02-29
2020-03-01,8,82,0,0,2020-03,03-01
2020-03-02,9,91,0,0,2020-03,03-02
2020-03-03,7,98,0,0,2020-03,03-03
2020-03-04,0,98,0,0,2020-03,03-04
2020-03-05,5,103,0,0,2020-03,03-05
2020-03-06,2,105,0,0,2020-03,03-06
2020-03-07,3,108,0,0,2020-03,03-07
2020-03-08,12,120,0,0,2020-03,03-08
2020-03-09,10,130,0,0,2020-03,03-09
2020-03-10,11,141,0,0,2020-03,03-10
2020-03-11,53,194,0,0,2020-03,03-11
2020-03-12,19,213,0,0,2020-03,03-12
2020-03-13,12,225,0,0,2020-03,03-13
2020-03-14,13,238,0,0,2020-03,03-14
2020-03-15,9,247,0,0,2020-03,03-15
2020-03-16,6,253,0,0,2020-03,03-16
2020-03-17,12,265,0,0,2020-03,03-17
2020-03-18,5,270,0,0,2020-03,03-18
2020-03-19,12,282,0,0,2020-03,03-19
2020-03-20,17,299,0,0,2020-03,03-20
2020-03-21,15,314,0,0,2020-03,03-21
2020-03-22,10,324,0,0,2020-03,03-22
2020-03-23,6,330,0,0,2020-03,03-23
2020-03-24,4,334,0,0,2020-03,03-24
2020-03-25,13,347,0,0,2020-03,03-25
2020-03-26,13,360,0,0,2020-03,03-26
2020-03-27,12,372,0,0,2020-03,03-27
2020-03-28,18,390,0,0,2020-03,03-28
2020-03-29,20,410,0,0,2020-03,03-29
2020-03-30,16,426,0,0,2020-03,03-30
2020-03-31,24,450,0,0,2020-03,03-31
2020-04-01,24,474,0,0,2020-04,04-01
2020-04-02,14,488,0,0,2020-04,04-02
2020-04-03,18,506,0,0,2020-04,04-03
2020-04-04,22,528,0,0,2020-04,04-04
2020-04-05,24,552,0,0,2020-04,04-05
2020-04-06,11,563,0,0,2020-04,04-06
2020-04-07,4,567,0,0,2020-04,04-07
2020-04-08,11,578,1,1,2020-04,04-08
2020-04-09,12,590,0,1,2020-04,04-09
2020-04-10,5,595,0,1,2020-04,04-10
2020-04-11,4,599,0,1,2020-04,04-11
2020-04-12,3,602,0,1,2020-04,04-12
2020-04-13,8,610,0,1,2020-04,04-13
2020-04-14,2,612,0,1,2020-04,04-14
2020-04-15,5,617,0,1,2020-04,04-15
2020-04-16,2,619,0,1,2020-04,04-16
2020-04-17,2,621,0,1,2020-04,04-17
2020-04-18,1,622,0,1,2020-04,04-18
2020-04-19,2,624,0,1,2020-04,04-19
2020-04-20,0,624,0,1,2020-04,04-20
2020-04-21,2,626,0,1,2020-04,04-21
2020-04-22,2,628,0,1,2020-04,04-22
2020-04-23,0,628,0,1,2020-04,04-23
2020-04-24,0,628,0,1,2020-04,04-24
2020-04-25,1,629,0,1,2020-04,04-25
2020-04-26,0,629,0,1,2020-04,04-26
2020-04-27,0,629,0,1,2020-04,04-27
2020-04-28,4,633,0,1,2020-04,04-28
2020-04-29,0,633,0,1,2020-04,04-29
2020-04-30,0,633,0,1,2020-04,04-30
2020-05-01,1,634,0,1,2020-05,05-01
2020-05-02,1,635,0,1,2020-05,05-02
2020-05-03,2,637,0,1,2020-05,05-03
2020-05-04,0,637,0,1,2020-05,05-04
2020-05-05,0,637,0,1,2020-05,05-05
2020-05-06,0,637,0,1,2020-05,05-06
2020-05-07,0,637,0,1,2020-05,05-07
2020-05-08,0,637,0,1,2020-05,05-08
2020-05-09,12,649,0,1,2020-05,05-09
2020-05-10,14,663,0,1,2020-05,05-10
2020-05-11,21,684,0,1,2020-05,05-11
2020-05-12,12,696,0,1,2020-05,05-12
2020-05-13,11,707,1,2,2020-05,05-13
2020-05-14,4,711,1,3,2020-05,05-14
2020-05-15,14,725,0,3,2020-05,05-15
2020-05-16,5,730,0,3,2020-05,05-16
2020-05-17,5,735,0,3,2020-05,05-17
2020-05-18,1,736,0,3,2020-05,05-18
2020-05-19,6,742,0,3,2020-05,05-19
2020-05-20,10,752,0,3,2020-05,05-20
2020-05-21,4,756,0,3,2020-05,05-21
2020-05-22,2,758,0,3,2020-05,05-22
2020-05-23,4,762,0,3,2020-05,05-23
2020-05-24,6,768,0,3,2020-05,05-24
2020-05-25,6,774,0,3,2020-05,05-25
2020-05-26,9,783,0,3,2020-05,05-26
2020-05-27,19,802,0,3,2020-05,05-27
2020-05-28,24,826,0,3,2020-05,05-28
2020-05-29,20,846,0,3,2020-05,05-29
2020-05-30,9,855,0,3,2020-05,05-30
2020-05-31,6,861,0,3,2020-05,05-31
2020-06-01,1,862,0,3,2020-06,06-01
2020-06-02,14,876,0,3,2020-06,06-02
2020-06-03,19,895,0,3,2020-06,06-03
2020-06-04,14,909,0,3,2020-06,06-04
2020-06-05,15,924,0,3,2020-06,06-05
2020-06-06,23,947,0,3,2020-06,06-06
2020-06-07,27,974,0,3,2020-06,06-07
2020-06-08,21,995,0,3,2020-06,06-08
2020-06-09,19,1014,0,3,2020-06,06-09
2020-06-10,12,1026,0,3,2020-06,06-10
2020-06-11,21,1047,0,3,2020-06,06-11
2020-06-12,25,1072,0,3,2020-06,06-12
2020-06-13,29,1101,0,3,2020-06,06-13
2020-06-14,12,1113,0,3,2020-06,06-14
2020-06-15,7,1120,0,3,2020-06,06-15
2020-06-16,12,1132,0,3,2020-06,06-16
2020-06-17,13,1145,1,4,2020-06,06-17
2020-06-18,25,1170,1,5,2020-06,06-18
2020-06-19,18,1188,0,5,2020-06,06-19
2020-06-20,14,1202,0,5,2020-06,06-20
2020-06-21,17,1219,0,5,2020-06,06-21
2020-06-22,5,1224,0,5,2020-06,06-22
2020-06-23,6,1230,0,5,2020-06,06-23
2020-06-24,11,1241,0,5,2020-06,06-24
2020-06-25,9,1250,1,6,2020-06,06-25
2020-06-26,17,1267,0,6,2020-06,06-26
2020-06-27,17,1284,0,6,2020-06,06-27
2020-06-28,14,1298,0,6,2020-06,06-28
2020-06-29,7,1305,0,6,2020-06,06-29
2020-06-30,7,1312,0,6,2020-06,06-30
2020-07-01,9,1321,0,6,2020-07,07-01
2020-07-02,13,1334,0,6,2020-07,07-02
2020-07-03,12,1346,0,6,2020-07,07-03
2020-07-04,7,1353,1,7,2020-07,07-04
2020-07-05,16,1369,0,7,2020-07,07-05
2020-07-06,3,1372,0,7,2020-07,07-06
2020-07-07,3,1375,0,7,2020-07,07-07
2020-07-08,10,1385,0,7,2020-07,07-08
2020-07-09,8,1393,1,8,2020-07,07-09
2020-07-10,8,1401,0,8,2020-07,07-10
2020-07-11,8,1409,0,8,2020-07,07-11
2020-07-12,7,1416,0,8,2020-07,07-12
2020-07-13,13,1429,0,8,2020-07,07-13
2020-07-14,7,1436,0,8,2020-07,07-14
2020-07-15,6,1442,0,8,2020-07,07-15
2020-07-16,7,1449,0,8,2020-07,07-16
2020-07-17,9,1458,0,8,2020-07,07-17
2020-07-18,6,1464,0,8,2020-07,07-18
2020-07-19,10,1474,1,9,2020-07,07-19
2020-07-20,3,1477,0,9,2020-07,07-20
2020-07-21,21,1498,0,9,2020-07,07-21
2020-07-22,16,1514,1,10,2020-07,07-22
2020-07-23,12,1526,0,10,2020-07,07-23
2020-07-24,21,1547,0,10,2020-07,07-24
2020-07-25,11,1558,0,10,2020-07,07-25
2020-07-26,7,1565,0,10,2020-07,07-26
2020-07-27,9,1574,0,10,2020-07,07-27
2020-07-28,6,1580,0,10,2020-07,07-28
2020-07-29,9,1589,0,10,2020-07,07-29
2020-07-30,3,1592,0,10,2020-07,07-30
2020-07-31,8,1600,0,10,2020-07,07-31
2020-08-01,2,1602,0,10,2020-08,08-01
2020-08-02,5,1607,0,10,2020-08,08-02
2020-08-03,5,1612,0,10,2020-08,08-03
2020-08-04,9,1621,0,10,2020-08,08-04
2020-08-05,6,1627,1,11,2020-08,08-05
2020-08-06,9,1636,0,11,2020-08,08-06
2020-08-07,9,1645,1,12,2020-08,08-07
2020-08-08,17,1662,0,12,2020-08,08-08
2020-08-09,13,1675,0,12,2020-08,08-09
2020-08-10,13,1688,0,12,2020-08,08-10
2020-08-11,6,1694,0,12,2020-08,08-11
2020-08-12,15,1709,0,12,2020-08,08-12
2020-08-13,26,1735,0,12,2020-08,08-13
2020-08-14,32,1767,0,12,2020-08,08-14
2020-08-15,74,1841,0,12,2020-08,08-15
2020-08-16,146,1987,0,12,2020-08,08-16
2020-08-17,90,2077,0,12,2020-08,08-17
2020-08-18,132,2209,1,13,2020-08,08-18
2020-08-19,151,2360,0,13,2020-08,08-19
2020-08-20,135,2495,1,14,2020-08,08-20
2020-08-21,126,2621,1,15,2020-08,08-21
2020-08-22,129,2750,0,15,2020-08,08-22
2020-08-23,140,2890,0,15,2020-08,08-23
2020-08-24,97,2987,0,15,2020-08,08-24
2020-08-25,135,3122,0,15,2020-08,08-25
2020-08-26,111,3233,1,16,2020-08,08-26
2020-08-27,154,3387,0,16,2020-08,08-27
2020-08-28,146,3533,2,18,2020-08,08-28
2020-08-29,125,3658,1,19,2020-08,08-29
2020-08-30,116,3774,2,21,2020-08,08-30
2020-08-31,94,3868,1,22,2020-08,08-31
2020-09-01,94,3962,0,22,2020-09,09-01
2020-09-02,101,4063,1,23,2020-09,09-02
2020-09-03,69,4132,0,23,2020-09,09-03
2020-09-04,68,4200,0,23,2020-09,09-04
2020-09-05,51,4251,1,24,2020-09,09-05
2020-09-06,63,4314,1,25,2020-09,09-06
2020-09-07,48,4362,2,27,2020-09,09-07
2020-09-08,67,4429,4,31,2020-09,09-08
2020-09-09,49,4478,0,31,2020-09,09-09
2020-09-10,48,4526,0,31,2020-09,09-10
2020-09-11,63,4589,2,33,2020-09,09-11
2020-09-12,50,4639,1,34,2020-09,09-12
2020-09-13,31,4670,3,37,2020-09,09-13
2020-09-14,41,4711,2,39,2020-09,09-14
2020-09-15,32,4743,2,41,2020-09,09-15
2020-09-16,51,4794,0,41,2020-09,09-16
2020-09-17,64,4858,1,42,2020-09,09-17
2020-09-18,46,4904,3,45,2020-09,09-18
2020-09-19,40,4944,0,45,2020-09,09-19
2020-09-20,28,4972,1,46,2020-09,09-20
2020-09-21,23,4995,1,47,2020-09,09-21
2020-09-22,21,5016,1,48,2020-09,09-22
2020-09-23,40,5056,0,48,2020-09,09-23
2020-09-24,39,5095,1,49,2020-09,09-24
2020-09-25,57,5152,2,51,2020-09,09-25
2020-09-26,26,5178,1,52,2020-09,09-26
2020-09-27,34,5212,0,52,2020-09,09-27
2020-09-28,19,5231,1,53,2020-09,09-28
2020-09-29,11,5242,0,53,2020-09,09-29
2020-09-30,51,5293,2,55,2020-09,09-30
2020-10-01,30,5323,1,56,2020-10,10-01
2020-10-02,11,5334,0,56,2020-10,10-02
2020-10-03,26,5360,2,58,2020-10,10-03
2020-10-04,16,5376,1,59,2020-10,10-04
2020-10-05,19,5395,1,60,2020-10,10-05
2020-10-06,15,5410,0,60,2020-10,10-06
2020-10-07,33,5443,0,60,2020-10,10-07
2020-10-08,20,5463,1,61,2020-10,10-08
2020-10-09,22,5485,0,61,2020-10,10-09
2020-10-10,25,5510,1,62,2020-10,10-10
2020-10-11,23,5533,1,63,2020-10,10-11
2020-10-12,31,5564,0,63,2020-10,10-12
2020-10-13,20,5584,1,64,2020-10,10-13
2020-10-14,23,5607,1,65,2020-10,10-14
2020-10-15,25,5632,0,65,2020-10,10-15
2020-10-16,18,5650,1,66,2020-10,10-16
2020-10-17,18,5668,1,67,2020-10,10-17
2020-10-18,20,5688,1,68,2020-10,10-18
2020-10-19,14,5702,0,68,2020-10,10-19
2020-10-20,11,5713,0,68,2020-10,10-20
2020-10-21,17,5730,2,70,2020-10,10-21
2020-10-22,18,5748,3,73,2020-10,10-22
2020-10-23,20,5768,0,73,2020-10,10-23
2020-10-24,22,5790,0,73,2020-10,10-24
2020-10-25,17,5807,0,73,2020-10,10-25
2020-10-26,20,5827,0,73,2020-10,10-26
2020-10-27,24,5851,2,75,2020-10,10-27
2020-10-28,25,5876,1,76,2020-10,10-28
2020-10-29,36,5912,1,77,2020-10,10-29
2020-10-30,47,5959,0,77,2020-10,10-30
2020-10-31,52,6011,0,77,2020-10,10-31
2020-11-01,45,6056,0,77,2020-11,11-01
2020-11-02,25,6081,0,77,2020-11,11-02
2020-11-03,22,6103,0,77,2020-11,11-03
2020-11-04,42,6145,0,77,2020-11,11-04
2020-11-05,50,6195,0,77,2020-11,11-05
2020-11-06,40,6235,0,77,2020-11,11-06
2020-11-07,37,6272,0,77,2020-11,11-07
2020-11-08,54,6326,0,77,2020-11,11-08
2020-11-09,46,6372,0,77,2020-11,11-09
2020-11-10,35,6407,0,77,2020-11,11-10
2020-11-11,45,6452,0,77,2020-11,11-11
2020-11-12,53,6505,0,77,2020-11,11-12
2020-11-13,74,6579,0,77,2020-11,11-13
2020-11-14,69,6648,1,78,2020-11,11-14
2020-11-15,85,6733,1,79,2020-11,11-15
2020-11-16,80,6813,0,79,2020-11,11-16
2020-11-17,90,6903,0,79,2020-11,11-17
2020-11-18,92,6995,1,80,2020-11,11-18
2020-11-19,109,7104,1,81,2020-11,11-19
2020-11-20,132,7236,1,82,2020-11,11-20
2020-11-21,156,7392,1,83,2020-11,11-21
2020-11-22,121,7513,0,83,2020-11,11-22
2020-11-23,112,7625,1,84,2020-11,11-23
2020-11-24,133,7758,1,85,2020-11,11-24
2020-11-25,142,7900,0,85,2020-11,11-25
2020-11-26,212,8112,1,86,2020-11,11-26
2020-11-27,204,8316,0,86,2020-11,11-27
2020-11-28,178,8494,3,89,2020-11,11-28
2020-11-29,158,8652,1,90,2020-11,11-29
2020-11-30,159,8811,1,91,2020-11,11-30
2020-12-01,155,8966,0,91,2020-12,12-01
2020-12-02,193,9159,0,91,2020-12,12-02
2020-12-03,262,9421,2,93,2020-12,12-03
2020-12-04,295,9716,2,95,2020-12,12-04
2020-12-05,235,9951,2,97,2020-12,12-05
2020-12-06,254,10205,1,98,2020-12,12-06
2020-12-07,244,10449,1,99,2020-12,12-07
2020-12-08,211,10660,2,101,2020-12,12-08
2020-12-09,262,10922,1,102,2020-12,12-09
2020-12-10,249,11171,0,102,2020-12,12-10
2020-12-11,252,11423,1,103,2020-12,12-11
2020-12-12,362,11785,3,106,2020-12,12-12
2020-12-13,399,12184,0,106,2020-12,12-13
2020-12-14,219,12403,3,109,2020-12,12-14
2020-12-15,251,12654,3,112,2020-12,12-15
2020-12-16,378,13032,5,117,2020-12,12-16
2020-12-17,422,13454,5,122,2020-12,12-17
2020-12-18,398,13852,1,123,2020-12,12-18
2020-12-19,380,14232,2,125,2020-12,12-19
2020-12-20,472,14704,2,127,2020-12,12-20
2020-12-21,327,15031,6,133,2020-12,12-21
2020-12-22,316,15347,7,140,2020-12,12-22
2020-12-23,375,15722,1,141,2020-12,12-23
2020-12-24,319,16041,2,143,2020-12,12-24
2020-12-25,552,16593,1,144,2020-12,12-25
2020-12-26,465,17058,7,151,2020-12,12-26
2020-12-27,362,17420,2,153,2020-12,12-27
2020-12-28,299,17719,2,155,2020-12,12-28
2020-12-29,520,18239,8,163,2020-12,12-29
2020-12-30,387,18626,5,168,2020-12,12-30
2020-12-31,366,18992,5,173,2020-12,12-31
2021-01-01,357,19349,5,178,2021-01,01-01
2021-01-02,250,19599,4,182,2021-01,01-02
2021-01-03,198,19797,3,185,2021-01,01-03
2021-01-04,329,20126,4,189,2021-01,01-04
2021-01-05,199,20325,11,200,2021-01,01-05
2021-01-06,263,20588,3,203,2021-01,01-06
2021-01-07,297,20885,6,209,2021-01,01-07
2021-01-08,191,21076,10,219,2021-01,01-08
2021-01-09,188,21264,0,219,2021-01,01-09
2021-01-10,187,21451,7,226,2021-01,01-10
2021-01-11,141,21592,8,234,2021-01,01-11
2021-01-12,167,21759,10,244,2021-01,01-12
2021-01-13,152,21911,2,246,2021-01,01-13
2021-01-14,134,22045,2,248,2021-01,01-14
2021-01-15,127,22172,2,250,2021-01,01-15
2021-01-16,156,22328,8,258,2021-01,01-16
2021-01-17,145,22473,3,261,2021-01,01-17
2021-01-18,132,22605,6,267,2021-01,01-18
2021-01-19,101,22706,6,273,2021-01,01-19
2021-01-20,143,22849,2,275,2021-01,01-20
2021-01-21,125,22974,6,281,2021-01,01-21
2021-01-22,115,23089,5,286,2021-01,01-22
2021-01-23,127,23216,4,290,2021-01,01-23
2021-01-24,133,23349,3,293,2021-01,01-24
2021-01-25,101,23450,4,297,2021-01,01-25
2021-01-26,104,23554,3,300,2021-01,01-26
2021-01-27,129,23683,3,303,2021-01,01-27
2021-01-28,105,23788,4,307,2021-01,01-28
2021-01-29,112,23900,6,313,2021-01,01-29
2021-01-30,152,24052,6,319,2021-01,01-30
2021-01-31,99,24151,1,320,2021-01,01-31
2021-02-01,107,24258,1,321,2021-02,02-01
2021-02-02,128,24386,1,322,2021-02,02-02
2021-02-03,188,24574,1,323,2021-02,02-03
2021-02-04,172,24746,2,325,2021-02,02-04
2021-02-05,126,24872,3,328,2021-02,02-05
2021-02-06,143,25015,1,329,2021-02,02-06
2021-02-07,144,25159,5,334,2021-02,02-07
2021-02-08,112,25271,1,335,2021-02,02-08
2021-02-09,90,25361,2,337,2021-02,02-09
2021-02-10,175,25536,2,339,2021-02,02-10
2021-02-11,183,25719,4,343,2021-02,02-11
2021-02-12,158,25877,4,347,2021-02,02-12
2021-02-13,136,26013,0,347,2021-02,02-13
2021-02-14,152,26165,3,350,2021-02,02-14
2021-02-15,150,26315,1,351,2021-02,02-15
2021-02-16,161,26476,3,354,2021-02,02-16
2021-02-17,258,26734,1,355,2021-02,02-17
2021-02-18,185,26919,2,357,2021-02,02-18
2021-02-19,180,27099,2,359,2021-02,02-19
2021-02-20,122,27221,1,360,2021-02,02-20
2021-02-21,130,27351,0,360,2021-02,02-21
2021-02-22,106,27457,4,364,2021-02,02-22
2021-02-23,125,27582,2,366,2021-02,02-23
2021-02-24,144,27726,1,367,2021-02,02-24
2021-02-25,122,27848,1,368,2021-02,02-25
2021-02-26,131,27979,2,370,2021-02,02-26
2021-02-27,131,28110,3,373,2021-02,02-27
2021-02-28,120,28230,2,375,2021-02,02-28
2021-03-01,92,28322,1,376,2021-03,03-01
2021-03-02,122,28444,0,376,2021-03,03-02
2021-03-03,119,28563,4,380,2021-03,03-03
2021-03-04,118,28681,3,383,2021-03,03-04
2021-03-05,129,28810,3,386,2021-03,03-05
2021-03-06,128,28938,2,388,2021-03,03-06
2021-03-07,132,29070,1,389,2021-03,03-07
2021-03-08,100,29170,2,391,2021-03,03-08
2021-03-09,102,29272,0,391,2021-03,03-09
2021-03-10,138,29410,2,393,2021-03,03-10
2021-03-11,138,29548,1,394,2021-03,03-11
2021-03-12,140,29688,1,395,2021-03,03-12
2021-03-13,140,29828,3,398,2021-03,03-13
2021-03-14,112,29940,1,399,2021-03,03-14
2021-03-15,109,30049,2,401,2021-03,03-15
2021-03-16,79,30128,2,403,2021-03,03-16
2021-03-17,120,30248,3,406,2021-03,03-17
2021-03-18,124,30372,0,406,2021-03,03-18
2021-03-19,146,30518,1,407,2021-03,03-19
2021-03-20,115,30633,0,407,2021-03,03-20
2021-03-21,125,30758,1,408,2021-03,03-21
2021-03-22,109,30867,1,409,2021-03,03-22
2021-03-23,97,30964,0,409,2021-03,03-23
2021-03-24,137,31101,2,411,2021-03,03-24
2021-03-25,127,31228,1,412,2021-03,03-25
2021-03-26,121,31349,2,414,2021-03,03-26
2021-03-27,127,31476,2,416,2021-03,03-27
2021-03-28,138,31614,0,416,2021-03,03-28
2021-03-29,107,31721,0,416,2021-03,03-29
2021-03-30,145,31866,1,417,2021-03,03-30
2021-03-31,158,32024,0,417,2021-03,03-31
2021-04-01,199,32223,1,418,2021-04,04-01
2021-04-02,166,32389,1,419,2021-04,04-02
2021-04-03,155,32544,1,420,2021-04,04-03
2021-04-04,149,32693,2,422,2021-04,04-04
2021-04-05,152,32845,0,422,2021-04,04-05
2021-04-06,147,32992,0,422,2021-04,04-06
2021-04-07,198,33190,2,424,2021-04,04-07
2021-04-08,244,33434,0,424,2021-04,04-08
2021-04-09,215,33649,3,427,2021-04,04-09
2021-04-10,201,33850,0,427,2021-04,04-10
2021-04-11,214,34064,0,427,2021-04,04-11
2021-04-12,162,34226,1,428,2021-04,04-12
2021-04-13,158,34384,2,430,2021-04,04-13
2021-04-14,247,34631,1,431,2021-04,04-14
2021-04-15,217,34848,2,433,2021-04,04-15
2021-04-16,216,35064,2,435,2021-04,04-16
2021-04-17,217,35281,1,436,2021-04,04-17
2021-04-18,204,35485,0,436,2021-04,04-18
2021-04-19,137,35622,0,436,2021-04,04-19
2021-04-20,148,35770,0,436,2021-04,04-20
2021-04-21,218,35988,0,436,2021-04,04-21
2021-04-22,230,36218,0,436,2021-04,04-22
2021-04-23,204,36422,1,437,2021-04,04-23
2021-04-24,253,36675,0,437,2021-04,04-24
2021-04-25,175,36850,0,437,2021-04,04-25
2021-04-26,154,37004,1,438,2021-04,04-26
2021-04-27,116,37120,0,438,2021-04,04-27
2021-04-28,257,37377,0,438,2021-04,04-28
2021-04-29,227,37604,2,440,2021-04,04-29
2021-04-30,227,37831,1,441,2021-04,04-30
2021-05-01,195,38026,2,443,2021-05,05-01
2021-05-02,182,38208,1,444,2021-05,05-02
2021-05-03,126,38334,0,444,2021-05,05-03
2021-05-04,184,38518,1,445,2021-05,05-04
2021-05-05,238,38756,0,445,2021-05,05-05
2021-05-06,212,38968,1,446,2021-05,05-06
2021-05-07,179,39147,4,450,2021-05,05-07
2021-05-08,242,39389,2,452,2021-05,05-08
2021-05-09,195,39584,3,455,2021-05,05-09
2021-05-10,141,39725,0,455,2021-05,05-10
2021-05-11,163,39888,2,457,2021-05,05-11
2021-05-12,222,40110,2,459,2021-05,05-12
2021-05-13,227,40337,2,461,2021-05,05-13
2021-05-14,231,40568,0,461,2021-05,05-14
2021-05-15,254,40822,0,461,2021-05,05-15
2021-05-16,213,41035,3,464,2021-05,05-16
2021-05-17,195,41230,1,465,2021-05,05-17
2021-05-18,172,41402,0,465,2021-05,05-18
2021-05-19,249,41651,2,467,2021-05,05-19
2021-05-20,242,41893,1,468,2021-05,05-20
2021-05-21,172,42065,4,472,2021-05,05-21
2021-05-22,208,42273,1,473,2021-05,05-22
2021-05-23,181,42454,0,473,2021-05,05-23
2021-05-24,139,42593,0,473,2021-05,05-24
2021-05-25,138,42731,0,473,2021-05,05-25
2021-05-26,261,42992,1,474,2021-05,05-26
2021-05-27,218,43210,1,475,2021-05,05-27
2021-05-28,214,43424,3,478,2021-05,05-28
2021-05-29,194,43618,1,479,2021-05,05-29
2021-05-30,160,43778,2,481,2021-05,05-30
2021-05-31,130,43908,0,481,2021-05,05-31
2021-06-01,147,44055,3,484,2021-06,06-01
2021-06-02,258,44313,1,485,2021-06,06-02
2021-06-03,215,44528,3,488,2021-06,06-03
2021-06-04,206,44734,1,489,2021-06,06-04
2021-06-05,277,45011,0,489,2021-06,06-05
2021-06-06,179,45190,1,490,2021-06,06-06
2021-06-07,159,45349,0,490,2021-06,06-07
2021-06-08,139,45488,1,491,2021-06,06-08
2021-06-09,183,45671,1,492,2021-06,06-09
2021-06-10,212,45883,0,492,2021-06,06-10
2021-06-11,204,46087,0,492,2021-06,06-11
2021-06-12,208,46295,0,492,2021-06,06-12
2021-06-13,176,46471,2,494,2021-06,06-13
2021-06-14,122,46593,0,494,2021-06,06-14
2021-06-15,131,46724,1,495,2021-06,06-15
2021-06-16,201,46925,1,496,2021-06,06-16
2021-06-17,201,47126,1,497,2021-06,06-17
2021-06-18,200,47326,1,498,2021-06,06-18
2021-06-19,197,47523,1,499,2021-06,06-19
2021-06-20,165,47688,1,500,2021-06,06-20
2021-06-21,134,47822,1,501,2021-06,06-21
2021-06-22,131,47953,1,502,2021-06,06-22
2021-06-23,236,48189,1,503,2021-06,06-23
2021-06-24,252,48441,0,503,2021-06,06-24
2021-06-25,269,48710,1,504,2021-06,06-25
2021-06-26,263,48973,1,505,2021-06,06-26
2021-06-27,242,49215,0,505,2021-06,06-27
2021-06-28,185,49400,1,506,2021-06,06-28
2021-06-29,205,49605,0,506,2021-06,06-29
2021-06-30,375,49980,0,506,2021-06,06-30
2021-07-01,333,50313,1,507,2021-07,07-01
2021-07-02,346,50659,1,508,2021-07,07-02
2021-07-03,359,51018,1,509,2021-07,07-03
2021-07-04,289,51307,0,509,2021-07,07-04
2021-07-05,307,51614,1,510,2021-07,07-05
2021-07-06,320,51934,1,511,2021-07,07-06
2021-07-07,582,52516,0,511,2021-07,07-07
2021-07-08,550,53066,0,511,2021-07,07-08
2021-07-09,503,53569,1,512,2021-07,07-09
2021-07-10,509,54078,2,514,2021-07,07-10
2021-07-11,509,54587,2,516,2021-07,07-11
2021-07-12,403,54990,0,516,2021-07,07-12
2021-07-13,417,55407,0,516,2021-07,07-13
2021-07-14,637,56044,1,517,2021-07,07-14
2021-07-15,519,56563,1,518,2021-07,07-15
2021-07-16,568,57131,0,518,2021-07,07-16
2021-07-17,559,57690,2,520,2021-07,07-17
2021-07-18,522,58212,0,520,2021-07,07-18
2021-07-19,419,58631,0,520,2021-07,07-19
2021-07-20,394,59025,0,520,2021-07,07-20
2021-07-21,604,59629,1,521,2021-07,07-21
2021-07-22,499,60128,0,521,2021-07,07-22
2021-07-23,519,60647,0,521,2021-07,07-23
2021-07-24,465,61112,0,521,2021-07,07-24
2021-07-25,489,61601,1,522,2021-07,07-25
2021-07-26,341,61942,0,522,2021-07,07-26
2021-07-27,351,62293,0,522,2021-07,07-27
2021-07-28,573,62866,2,524,2021-07,07-28
2021-07-29,514,63380,1,525,2021-07,07-29
2021-07-30,488,63868,0,525,2021-07,07-30
2021-07-31,475,64343,2,527,2021-07,07-31
2021-08-01,473,64816,1,528,2021-08,08-01
2021-08-02,364,65180,0,528,2021-08,08-02
2021-08-03,311,65491,2,530,2021-08,08-03
2021-08-04,486,65977,0,530,2021-08,08-04
2021-08-05,466,66443,2,532,2021-08,08-05
2021-08-06,464,66907,1,533,2021-08,08-06
2021-08-07,503,67410,0,533,2021-08,08-07
2021-08-08,450,67860,2,535,2021-08,08-08
2021-08-09,413,68273,1,536,2021-08,08-09
2021-08-10,359,68632,2,538,2021-08,08-10
2021-08-11,660,69292,1,539,2021-08,08-11
2021-08-12,526,69818,0,539,2021-08,08-12
2021-08-13,524,70342,3,542,2021-08,08-13
2021-08-14,513,70855,1,543,2021-08,08-14
2021-08-15,488,71343,3,546,2021-08,08-15
2021-08-16,363,71706,3,549,2021-08,08-16
2021-08-17,365,72071,3,552,2021-08,08-17
2021-08-18,509,72580,1,553,2021-08,08-18
2021-08-19,575,73155,3,556,2021-08,08-19
2021-08-20,554,73709,2,558,2021-08,08-20
2021-08-21,525,74234,1,559,2021-08,08-21
2021-08-22,497,74731,4,563,2021-08,08-22
2021-08-23,388,75119,2,565,2021-08,08-23
2021-08-24,436,75555,1,566,2021-08,08-24
2021-08-25,677,76232,1,567,2021-08,08-25
2021-08-26,570,76802,3,570,2021-08,08-26
2021-08-27,556,77358,1,571,2021-08,08-27
2021-08-28,569,77927,2,573,2021-08,08-28
2021-08-29,517,78444,0,573,2021-08,08-29
2021-08-30,442,78886,1,574,2021-08,08-30
2021-08-31,456,79342,1,575,2021-08,08-31
2021-09-01,665,80007,1,576,2021-09,09-01
2021-09-02,558,80565,3,579,2021-09,09-02
2021-09-03,542,81107,0,579,2021-09,09-03
2021-09-04,565,81672,2,581,2021-09,09-04
2021-09-05,508,82180,2,583,2021-09,09-05
2021-09-06,464,82644,1,584,2021-09,09-06
2021-09-07,482,83126,2,586,2021-09,09-07
2021-09-08,670,83796,2,588,2021-09,09-08
2021-09-09,666,84462,2,590,2021-09,09-09
2021-09-10,670,85132,4,594,2021-09,09-10
2021-09-11,659,85791,4,598,2021-09,09-11
2021-09-12,658,86449,0,598,2021-09,09-12
2021-09-13,556,87005,0,598,2021-09,09-13
2021-09-14,539,87544,1,599,2021-09,09-14
2021-09-15,808,88352,3,602,2021-09,09-15
2021-09-16,717,89069,2,604,2021-09,09-16
2021-09-17,746,89815,0,604,2021-09,09-17
2021-09-18,703,90518,2,606,2021-09,09-18
2021-09-19,742,91260,1,607,2021-09,09-19
2021-09-20,583,91843,1,608,2021-09,09-20
2021-09-21,676,92519,2,610,2021-09,09-21
2021-09-22,644,93163,1,611,2021-09,09-22
2021-09-23,645,93808,4,615,2021-09,09-23
2021-09-24,904,94712,2,617,2021-09,09-24
2021-09-25,1220,95932,3,620,2021-09,09-25
2021-09-26,926,96858,2,622,2021-09,09-26
2021-09-27,776,97634,1,623,2021-09,09-27
2021-09-28,840,98474,2,625,2021-09,09-28
2021-09-29,1051,99525,4,629,2021-09,09-29
2021-09-30,943,100468,4,633,2021-09,09-30
2021-10-01,913,101381,6,639,2021-10,10-01
2021-10-02,792,102173,4,643,2021-10,10-02
2021-10-03,734,102907,2,645,2021-10,10-03
2021-10-04,572,103479,1,646,2021-10,10-04
2021-10-05,521,104000,6,652,2021-10,10-05
2021-10-06,690,104690,4,656,2021-10,10-06
2021-10-07,835,105525,3,659,2021-10,10-07
2021-10-08,772,106297,5,664,2021-10,10-08
2021-10-09,711,107008,4,668,2021-10,10-09
2021-10-10,582,107590,5,673,2021-10,10-10
2021-10-11,511,108101,5,678,2021-10,10-11
2021-10-12,482,108583,6,684,2021-10,10-12
2021-10-13,580,109163,2,686,2021-10,10-13
2021-10-14,746,109909,5,691,2021-10,10-14
2021-10-15,681,110590,1,692,2021-10,10-15
2021-10-16,584,111174,7,699,2021-10,10-16
2021-10-17,506,111680,8,707,2021-10,10-17
2021-10-18,355,112035,4,711,2021-10,10-18
2021-10-19,298,112333,11,722,2021-10,10-19
2021-10-20,504,112837,5,727,2021-10,10-20
2021-10-21,506,113343,4,731,2021-10,10-21
2021-10-22,519,113862,5,736,2021-10,10-22
2021-10-23,550,114412,9,745,2021-10,10-23
2021-10-24,518,114930,8,753,2021-10,10-24
2021-10-25,455,115385,5,758,2021-10,10-25
2021-10-26,427,115812,7,765,2021-10,10-26
2021-10-27,729,116541,3,768,2021-10,10-27
2021-10-28,788,117329,3,771,2021-10,10-28
2021-10-29,769,118098,4,775,2021-10,10-29
2021-10-30,705,118803,2,777,2021-10,10-30
2021-10-31,760,119563,8,785,2021-10,10-31
2021-11-01,646,120209,3,788,2021-11,11-01
2021-11-02,599,120808,3,791,2021-11,11-02
2021-11-03,1002,121810,5,796,2021-11,11-03
2021-11-04,946,122756,7,803,2021-11,11-04
2021-11-05,979,123735,4,807,2021-11,11-05
2021-11-06,915,124650,4,811,2021-11,11-06
2021-11-07,848,125498,6,817,2021-11,11-07
2021-11-08,707,126205,5,822,2021-11,11-08
2021-11-09,661,126866,7,829,2021-11,11-09
2021-11-10,972,127838,4,833,2021-11,11-10
2021-11-11,1003,128841,11,844,2021-11,11-11
2021-11-12,948,129789,6,850,2021-11,11-12
2021-11-13,1005,130794,8,858,2021-11,11-13
2021-11-14,977,131771,7,865,2021-11,11-14
2021-11-15,856,132627,3,868,2021-11,11-15
2021-11-16,846,133473,11,879,2021-11,11-16
2021-11-17,1433,134906,8,887,2021-11,11-17
2021-11-18,1428,136334,14,901,2021-11,11-18
2021-11-19,1399,137733,14,915,2021-11,11-19
2021-11-20,1370,139103,15,930,2021-11,11-20
2021-11-21,1318,140421,11,941,2021-11,11-21
2021-11-22,1278,141699,8,949,2021-11,11-22
2021-11-23,1163,142862,13,962,2021-11,11-23
2021-11-24,1733,144595,20,982,2021-11,11-24
2021-11-25,1757,146352,11,993,2021-11,11-25
2021-11-26,1738,148090,21,1014,2021-11,11-26
2021-11-27,1885,149975,21,1035,2021-11,11-27
2021-11-28,1672,151647,26,1061,2021-11,11-28
2021-11-29,1392,153039,12,1073,2021-11,11-29
2021-11-30,1185,154224,16,1089,2021-11,11-30
2021-12-01,2219,156443,12,1101,2021-12,12-01
2021-12-02,2265,158708,24,1125,2021-12,12-02
2021-12-03,2099,160807,11,1136,2021-12,12-03
2021-12-04,2270,163077,30,1166,2021-12,12-04
2021-12-05,2029,165106,15,1181,2021-12,12-05
2021-12-06,1408,166514,21,1202,2021-12,12-06
2021-12-07,2115,168629,25,1227,2021-12,12-07
2021-12-08,2899,171528,24,1251,2021-12,12-08
2021-12-09,2788,174316,17,1268,2021-12,12-09
2021-12-10,2793,177109,24,1292,2021-12,12-10
2021-12-11,2831,179940,24,1316,2021-12,12-11
2021-12-12,2524,182464,12,1328,2021-12,12-12
2021-12-13,2550,185014,16,1344,2021-12,12-13
2021-12-14,2059,187073,39,1383,2021-12,12-14
2021-12-15,3159,190232,23,1406,2021-12,12-15
2021-12-16,3049,193281,20,1426,2021-12,12-16
2021-12-17,2845,196126,22,1448,2021-12,12-17
2021-12-18,2790,198916,18,1466,2021-12,12-18
2021-12-19,2316,201232,22,1488,2021-12,12-19
2021-12-20,1905,203137,17,1505,2021-12,12-20
2021-12-21,1993,205130,16,1521,2021-12,12-21
2021-12-22,2801,207931,32,1553,2021-12,12-22
2021-12-23,2716,210647,28,1581,2021-12,12-23
2021-12-24,2343,212990,17,1598,2021-12,12-24
2021-12-25,2118,215108,46,1644,2021-12,12-25
2021-12-26,1915,217023,18,1662,2021-12,12-26
2021-12-27,1495,218518,17,1679,2021-12,12-27
2021-12-28,1289,219807,23,1702,2021-12,12-28
2021-12-29,1909,221716,8,1710,2021-12,12-29
2021-12-30,1719,223435,21,1731,2021-12,12-30
2021-12-31,1666,225101,35,1766,2021-12,12-31
2022-01-01,1462,226563,27,1793,2022-01,01-01
2022-01-02,1175,227738,26,1819,2022-01,01-02
2022-01-03,989,228727,8,1827,2022-01,01-03
2022-01-04,937,229664,18,1845,2022-01,01-04
2022-01-05,1410,231074,23,1868,2022-01,01-05
2022-01-06,1207,232281,10,1878,2022-01,01-06
2022-01-07,1032,233313,15,1893,2022-01,01-07
2022-01-08,988,234301,21,1914,2022-01,01-08
2022-01-09,957,235258,21,1935,2022-01,01-09
2022-01-10,779,236037,10,1945,2022-01,01-10
2022-01-11,750,236787,13,1958,2022-01,01-11
2022-01-12,1089,237876,18,1976,2022-01,01-12
2022-01-13,973,238849,13,1989,2022-01,01-13
2022-01-14,937,239786,14,2003,2022-01,01-14
2022-01-15,906,240692,9,2012,2022-01,01-15
2022-01-16,917,241609,11,2023,2022-01,01-16
2022-01-17,784,242393,7,2030,2022-01,01-17
2022-01-18,757,243150,12,2042,2022-01,01-18
2022-01-19,1224,244374,43,2085,2022-01,01-19
2022-01-20,1361,245735,10,2095,2022-01,01-20
2022-01-21,1549,247284,5,2100,2022-01,01-21
2022-01-22,1583,248867,13,2113,2022-01,01-22
2022-01-23,1691,250558,5,2118,2022-01,01-23
2022-01-24,1677,252235,8,2126,2022-01,01-24
2022-01-25,1722,253957,7,2133,2022-01,01-25
2022-01-26,3171,257128,9,2142,2022-01,01-26
2022-01-27,3422,260550,4,2146,2022-01,01-27
2022-01-28,3985,264535,1,2147,2022-01,01-28
2022-01-29,4194,268729,8,2155,2022-01,01-29
2022-01-30,4177,272906,2,2157,2022-01,01-30
2022-01-31,4184,277090,1,2158,2022-01,01-31
2022-02-01,4126,281216,2,2160,2022-02,02-01
2022-02-02,4204,285420,3,2163,2022-02,02-02
2022-02-03,5215,290635,6,2169,2022-02,02-03
2022-02-04,6154,296789,3,2172,2022-02,02-04
2022-02-05,8588,305377,5,2177,2022-02,02-05
2022-02-06,7817,313194,4,2181,2022-02,02-06
2022-02-07,6881,320075,2,2183,2022-02,02-07
2022-02-08,5905,325980,4,2187,2022-02,02-08
2022-02-09,11661,337641,3,2190,2022-02,02-09
2022-02-10,11872,349513,5,2195,2022-02,02-10
2022-02-11,11529,361042,7,2202,2022-02,02-11
2022-02-12,13195,374237,3,2205,2022-02,02-12
2022-02-13,11818,386055,9,2214,2022-02,02-13
2022-02-14,11527,397582,5,2219,2022-02,02-14
2022-02-15,12438,410020,7,2226,2022-02,02-15
2022-02-16,18870,428890,8,2234,2022-02,02-16
2022-02-17,19683,448573,7,2241,2022-02,02-17
2022-02-18,25634,474207,8,2249,2022-02,02-18
2022-02-19,23177,497384,11,2260,2022-02,02-19
2022-02-20,22087,519471,4,2264,2022-02,02-20
2022-02-21,20008,539479,10,2274,2022-02,02-21
2022-02-22,21787,561266,10,2284,2022-02,02-22
2022-02-23,41455,602721,13,2297,2022-02,02-23
2022-02-24,37157,639878,11,2308,2022-02,02-24
2022-02-25,35581,675459,12,2320,2022-02,02-25
2022-02-26,36821,712280,19,2339,2022-02,02-26
2022-02-27,35337,747617,7,2346,2022-02,02-27
2022-02-28,27967,775584,36,2382,2022-02,02-28
2022-03-01,27877,803461,26,2408,2022-03,03-01
2022-03-02,46924,850385,18,2426,2022-03,03-02
2022-03-03,43667,894052,18,2444,2022-03,03-03
2022-03-04,59256,953308,34,2478,2022-03,03-04
2022-03-05,53179,1006487,30,2508,2022-03,03-05
2022-03-06,49438,1055925,26,2534,2022-03,03-06
2022-03-07,39546,1095471,23,2557,2022-03,03-07
2022-03-08,37472,1132943,25,2582,2022-03,03-08
2022-03-09,74215,1207158,23,2605,2022-03,03-09
2022-03-10,66842,1274000,31,2636,2022-03,03-10
2022-03-11,56590,1330590,32,2668,2022-03,03-11
2022-03-12,80424,1411014,46,2714,2022-03,03-12
2022-03-13,67798,1478812,28,2742,2022-03,03-13
2022-03-14,56785,1535597,24,2766,2022-03,03-14
2022-03-15,66047,1601644,42,2808,2022-03,03-15
2022-03-16,81367,1683011,26,2834,2022-03,03-16
2022-03-17,128314,1811325,66,2900,2022-03,03-17
2022-03-18,81971,1893296,41,2941,2022-03,03-18
2022-03-19,82081,1975377,47,2988,2022-03,03-19
2022-03-20,65832,2041209,44,3032,2022-03,03-20
2022-03-21,41054,2082263,39,3071,2022-03,03-21
2022-03-22,64997,2147260,46,3117,2022-03,03-22
2022-03-23,101086,2248346,43,3160,2022-03,03-23
2022-03-24,77730,2326076,61,3221,2022-03,03-24
2022-03-25,66919,2392995,58,3279,2022-03,03-25
2022-03-26,63997,2456992,36,3315,2022-03,03-26
2022-03-27,59130,2516122,29,3344,2022-03,03-27
2022-03-28,34183,2550305,40,3384,2022-03,03-28
2022-03-29,66050,2616355,42,3426,2022-03,03-29
2022-03-30,81799,2698154,61,3487,2022-03,03-30
2022-03-31,60109,2758263,49,3536,2022-03,03-31
2022-04-01,51703,2809966,45,3581,2022-04,04-01
2022-04-02,48666,2858632,58,3639,2022-04,04-02
2022-04-03,42088,2900720,47,3686,2022-04,04-03
2022-04-04,20886,2921606,29,3715,2022-04,04-04
2022-04-05,51479,2973085,29,3744,2022-04,04-05
2022-04-06,52411,3025496,64,3808,2022-04,04-06
2022-04-07,39867,3065363,44,3852,2022-04,04-07
2022-04-08,36200,3101563,64,3916,2022-04,04-08
2022-04-09,32309,3133872,57,3973,2022-04,04-09
2022-04-10,28879,3162751,67,4040,2022-04,04-10
2022-04-11,14244,3176995,45,4085,2022-04,04-11
2022-04-12,39501,3216496,36,4121,2022-04,04-12
2022-04-13,33063,3249559,24,4145,2022-04,04-13
2022-04-14,24967,3274526,53,4198,2022-04,04-14
2022-04-15,21436,3295962,39,4237,2022-04,04-15
2022-04-16,18109,3314071,37,4274,2022-04,04-16
2022-04-17,14799,3328870,22,4296,2022-04,04-17
2022-04-18,7337,3336207,24,4320,2022-04,04-18
2022-04-19,21806,3358013,19,4339,2022-04,04-19
2022-04-20,18311,3376324,26,4365,2022-04,04-20
2022-04-21,15178,3391502,24,4389,2022-04,04-21
2022-04-22,13184,3404686,32,4421,2022-04,04-22
2022-04-23,12329,3417015,16,4437,2022-04,04-23
2022-04-24,10364,3427379,18,4455,2022-04,04-24
2022-04-25,4759,3432138,16,4471,2022-04,04-25
2022-04-26,13552,3445690,16,4487,2022-04,04-26
2022-04-27,11508,3457198,14,4501,2022-04,04-27
2022-04-28,9104,3466302,19,4520,2022-04,04-28
2022-04-29,7724,3474026,21,4541,2022-04,04-29
2022-04-30,6450,3480476,12,4553,2022-04,04-30
2022-05-01,5460,3485936,16,4569,2022-05,05-01
2022-05-02,2646,3488582,9,4578,2022-05,05-02
2022-05-03,8708,3497290,3,4581,2022-05,05-03
2022-05-04,7434,3504724,12,4593,2022-05,05-04
2022-05-05,6641,3511365,17,4610,2022-05,05-05
2022-05-06,3590,3514955,7,4617,2022-05,05-06
2022-05-07,6639,3521594,26,4643,2022-05,05-07
2022-05-08,5973,3527567,13,4656,2022-05,05-08
2022-05-09,2713,3530280,2,4658,2022-05,05-09
2022-05-10,8138,3538418,13,4671,2022-05,05-10
2022-05-11,6200,3544618,4,4675,2022-05,05-11
2022-05-12,5693,3550311,6,4681,2022-05,05-12
2022-05-13,5172,3555483,14,4695,2022-05,05-13
2022-05-14,4763,3560246,16,4711,2022-05,05-14
2022-05-15,4022,3564268,12,4723,2022-05,05-15
2022-05-16,1682,3565950,4,4727,2022-05,05-16
2022-05-17,5883,3571833,3,4730,2022-05,05-17
2022-05-18,5041,3576874,5,4735,2022-05,05-18
2022-05-19,4556,3581430,6,4741,2022-05,05-19
2022-05-20,4109,3585539,8,4749,2022-05,05-20
2022-05-21,3585,3589124,3,4752,2022-05,05-21
2022-05-22,2901,3592025,9,4761,2022-05,05-22
2022-05-23,1213,3593238,3,4764,2022-05,05-23
2022-05-24,4269,3597507,1,4765,2022-05,05-24
2022-05-25,3579,3601086,4,4769,2022-05,05-25
2022-05-26,2786,3603872,3,4772,2022-05,05-26
2022-05-27,3029,3606901,7,4779,2022-05,05-27
2022-05-28,2274,3609175,2,4781,2022-05,05-28
2022-05-29,2013,3611188,2,4783,2022-05,05-29
2022-05-30,1119,3612307,4,4787,2022-05,05-30
2022-05-31,3332,3615639,1,4788,2022-05,05-31
2022-06-01,2922,3618561,4,4792,2022-06,06-01
2022-06-02,1821,3620382,1,4793,2022-06,06-02
2022-06-03,2439,3622821,3,4796,2022-06,06-03
2022-06-04,2240,3625061,2,4798,2022-06,06-04
2022-06-05,1717,3626778,3,4801,2022-06,06-05
2022-06-06,736,3627514,2,4803,2022-06,06-06
2022-06-07,952,3628466,5,4808,2022-06,06-07
2022-06-08,2614,3631080,0,4808,2022-06,06-08
2022-06-09,2007,3633087,2,4810,2022-06,06-09
2022-06-10,1534,3634621,2,4812,2022-06,06-10
2022-06-11,1382,3636003,3,4815,2022-06,06-11
2022-06-12,1154,3637157,2,4817,2022-06,06-12
2022-06-13,660,3637817,2,4819,2022-06,06-13
2022-06-14,1759,3639576,0,4819,2022-06,06-14
2022-06-15,1687,3641263,3,4822,2022-06,06-15
2022-06-16,1539,3642802,3,4825,2022-06,06-16
2022-06-17,1274,3644076,1,4826,2022-06,06-17
2022-06-18,1233,3645309,1,4827,2022-06,06-18
2022-06-19,1106,3646415,1,4828,2022-06,06-19
2022-06-20,706,3647121,3,4831,2022-06,06-20
2022-06-21,2032,3649153,7,4838,2022-06,06-21
2022-06-22,1771,3650924,3,4841,2022-06,06-22
2022-06-23,1576,3652500,2,4843,2022-06,06-23
2022-06-24,1581,3654081,0,4843,2022-06,06-24
2022-06-25,1544,3655625,3,4846,2022-06,06-25
2022-06-26,1306,3656931,1,4847,2022-06,06-26
2022-06-27,595,3657526,0,4847,2022-06,06-27
2022-06-28,2467,3659993,0,4847,2022-06,06-28
2022-06-29,2461,3662454,2,4849,2022-06,06-29
2022-06-30,2276,3664730,1,4850,2022-06,06-30
2022-07-01,2338,3667068,2,4852,2022-07,07-01
2022-07-02,2771,3669839,3,4855,2022-07,07-02
2022-07-03,2429,3672268,2,4857,2022-07,07-03
2022-07-04,1156,3673424,1,4858,2022-07,07-04
2022-07-05,4765,3678189,1,4859,2022-07,07-05
2022-07-06,4757,3682946,2,4861,2022-07,07-06
2022-07-07,4573,3687519,1,4862,2022-07,07-07
2022-07-08,4596,3692115,2,4864,2022-07,07-08
2022-07-09,4892,3697007,2,4866,2022-07,07-09
2022-07-10,5228,3702235,0,4866,2022-07,07-10
2022-07-11,2615,3704850,2,4868,2022-07,07-11
2022-07-12,9402,3714252,1,4869,2022-07,07-12
2022-07-13,9354,3723606,2,4871,2022-07,07-13
2022-07-14,9643,3733249,2,4873,2022-07,07-14
2022-07-15,8941,3742190,2,4875,2022-07,07-15
2022-07-16,9447,3751637,2,4877,2022-07,07-16
2022-07-17,8560,3760197,2,4879,2022-07,07-17
2022-07-18,4888,3765085,3,4882,2022-07,07-18
2022-07-19,18024,3783109,0,4882,2022-07,07-19
2022-07-20,17186,3800295,2,4884,2022-07,07-20
2022-07-21,16650,3816945,4,4888,2022-07,07-21
2022-07-22,15364,3832309,4,4892,2022-07,07-22
2022-07-23,14817,3847126,4,4896,2022-07,07-23
2022-07-24,13794,3860920,3,4899,2022-07,07-24
2022-07-25,5961,3866881,5,4904,2022-07,07-25
2022-07-26,23047,3889928,1,4905,2022-07,07-26
2022-07-27,20056,3909984,5,4910,2022-07,07-27
2022-07-28,18143,3928127,5,4915,2022-07,07-28
2022-07-29,17494,3945621,4,4919,2022-07,07-29
2022-07-30,16534,3962155,6,4925,2022-07,07-30
2022-07-31,14130,3976285,5,4930,2022-07,07-31
2022-08-01,7310,3983595,1,4931,2022-08,08-01
2022-08-02,24598,4008193,3,4934,2022-08,08-02
2022-08-03,22993,4031186,5,4939,2022-08,08-03
2022-08-04,20210,4051396,6,4945,2022-08,08-04
2022-08-05,20774,4072170,8,4953,2022-08,08-05
2022-08-06,20145,4092315,8,4961,2022-08,08-06
2022-08-07,18346,4110661,2,4963,2022-08,08-07
2022-08-08,7853,4118514,7,4970,2022-08,08-08
2022-08-09,29465,4147979,8,4978,2022-08,08-09
2022-08-10,26045,4174024,10,4988,2022-08,08-10
2022-08-11,24491,4198515,11,4999,2022-08,08-11
2022-08-12,22812,4221327,17,5016,2022-08,08-12
2022-08-13,21838,4243165,8,5024,2022-08,08-13
2022-08-14,19576,4262741,10,5034,2022-08,08-14
2022-08-15,8233,4270974,5,5039,2022-08,08-15
2022-08-16,13048,4284022,6,5045,2022-08,08-16
2022-08-17,32505,4316527,7,5052,2022-08,08-17
2022-08-18,28356,4344883,6,5058,2022-08,08-18
2022-08-19,21012,4365895,14,5072,2022-08,08-19
2022-08-20,19955,4385850,14,5086,2022-08,08-20
2022-08-21,16734,4402584,5,5091,2022-08,08-21
2022-08-22,7389,4409973,5,5096,2022-08,08-22
2022-08-23,25661,4435634,11,5107,2022-08,08-23
2022-08-24,20561,4456195,4,5111,2022-08,08-24
2022-08-25,17713,4473908,10,5121,2022-08,08-25
2022-08-26,15748,4489656,14,5135,2022-08,08-26
2022-08-27,14577,4504233,12,5147,2022-08,08-27
2022-08-28,13039,4517272,11,5158,2022-08,08-28
2022-08-29,5752,4523024,10,5168,2022-08,08-29
2022-08-30,20406,4543430,6,5174,2022-08,08-30
2022-08-31,15900,4559330,10,5184,2022-08,08-31
2022-09-01,13313,4572643,22,5206,2022-09,09-01
2022-09-02,15558,4588201,12,5218,2022-09,09-02
2022-09-03,13880,4602081,14,5232,2022-09,09-03
2022-09-04,11926,4614007,13,5245,2022-09,09-04
2022-09-05,5316,4619323,6,5251,2022-09,09-05
2022-09-06,18762,4638085,4,5255,2022-09,09-06
2022-09-07,14526,4652611,12,5267,2022-09,09-07
2022-09-08,13063,4665674,6,5273,2022-09,09-08
2022-09-09,12303,4677977,13,5286,2022-09,09-09
2022-09-10,6071,4684048,7,5293,2022-09,09-10
2022-09-11,4800,4688848,13,5306,2022-09,09-11
2022-09-12,6285,4695133,2,5308,2022-09,09-12
2022-09-13,9545,4704678,4,5312,2022-09,09-13
2022-09-14,17377,4722055,10,5322,2022-09,09-14
2022-09-15,11812,4733867,7,5329,2022-09,09-15
2022-09-16,9216,4743083,6,5335,2022-09,09-16
2022-09-17,7653,4750736,7,5342,2022-09,09-17
2022-09-18,5963,4756699,6,5348,2022-09,09-18
2022-09-19,3197,4759896,6,5354,2022-09,09-19
2022-09-20,9728,4769624,4,5358,2022-09,09-20
2022-09-21,7351,4776975,12,5370,2022-09,09-21
2022-09-22,6149,4783124,12,5382,2022-09,09-22
2022-09-23,5617,4788741,8,5390,2022-09,09-23
2022-09-24,5643,4794384,11,5401,2022-09,09-24
2022-09-25,4881,4799265,11,5412,2022-09,09-25
2022-09-26,2332,4801597,4,5416,2022-09,09-26
2022-09-27,8542,4810139,3,5419,2022-09,09-27
2022-09-28,7110,4817249,8,5427,2022-09,09-28
2022-09-29,6259,4823508,6,5433,2022-09,09-29
2022-09-30,5790,4829298,5,5438,2022-09,09-30
2022-10-01,5578,4834876,5,5443,2022-10,10-01
2022-10-02,4786,4839662,9,5452,2022-10,10-02
2022-10-03,2023,4841685,0,5452,2022-10,10-03
2022-10-04,3083,4844768,2,5454,2022-10,10-04
2022-10-05,7664,4852432,2,5456,2022-10,10-05
2022-10-06,5518,4857950,9,5465,2022-10,10-06
2022-10-07,4316,4862266,6,5471,2022-10,10-07
2022-10-08,3958,4866224,5,5476,2022-10,10-08
2022-10-09,3550,4869774,5,5481,2022-10,10-09
2022-10-10,1491,4871265,4,5485,2022-10,10-10
2022-10-11,3049,4874314,1,5486,2022-10,10-11
2022-10-12,6792,4881106,4,5490,2022-10,10-12
2022-10-13,5243,4886349,0,5490,2022-10,10-13
2022-10-14,4830,4891179,9,5499,2022-10,10-14
2022-10-15,4572,4895751,5,5504,2022-10,10-15
2022-10-16,4186,4899937,4,5508,2022-10,10-16
2022-10-17,1915,4901852,2,5510,2022-10,10-17
2022-10-18,7524,4909376,0,5510,2022-10,10-18
2022-10-19,5891,4915267,6,5516,2022-10,10-19
2022-10-20,5408,4920675,2,5518,2022-10,10-20
2022-10-21,5053,4925728,3,5521,2022-10,10-21
2022-10-22,6011,4931739,3,5524,2022-10,10-22
2022-10-23,5170,4936909,1,5525,2022-10,10-23
2022-10-24,2434,4939343,1,5526,2022-10,10-24
2022-10-25,10055,4949398,4,5530,2022-10,10-25
2022-10-26,7901,4957299,5,5535,2022-10,10-26
2022-10-27,6846,4964145,3,5538,2022-10,10-27
2022-10-28,7477,4971622,3,5541,2022-10,10-28
2022-10-29,7572,4979194,3,5544,2022-10,10-29
2022-10-30,6703,4985897,1,5545,2022-10,10-30
2022-10-31,3099,4988996,5,5550,2022-10,10-31
2022-11-01,13014,5002010,4,5554,2022-11,11-01
2022-11-02,10933,5012943,4,5558,2022-11,11-02
2022-11-03,9542,5022485,5,5563,2022-11,11-03
2022-11-04,8672,5031157,4,5567,2022-11,11-04
2022-11-05,8096,5039253,2,5569,2022-11,11-05
2022-11-06,7157,5046410,3,5572,2022-11,11-06
2022-11-07,3317,5049727,0,5572,2022-11,11-07
2022-11-08,14156,5063883,2,5574,2022-11,11-08
2022-11-09,12479,5076362,7,5581,2022-11,11-09
2022-11-10,11069,5087431,6,5587,2022-11,11-10
2022-11-11,10897,5098328,0,5587,2022-11,11-11
2022-11-12,10827,5109155,12,5599,2022-11,11-12
2022-11-13,9257,5118412,5,5604,2022-11,11-13
2022-11-14,3645,5122057,5,5609,2022-11,11-14
2022-11-15,15536,5137593,4,5613,2022-11,11-15
2022-11-16,12474,5150067,9,5622,2022-11,11-16
2022-11-17,10840,5160907,14,5636,2022-11,11-17
2022-11-18,9733,5170640,11,5647,2022-11,11-18
2022-11-19,10119,5180759,10,5657,2022-11,11-19
2022-11-20,8800,5189559,5,5662,2022-11,11-20
2022-11-21,3821,5193380,3,5665,2022-11,11-21
2022-11-22,15610,5208990,10,5675,2022-11,11-22
2022-11-23,13493,5222483,8,5683,2022-11,11-23
2022-11-24,11447,5233930,14,5697,2022-11,11-24
2022-11-25,10677,5244607,8,5705,2022-11,11-25
2022-11-26,10157,5254764,5,5710,2022-11,11-26
2022-11-27,9152,5263916,9,5719,2022-11,11-27
2022-11-28,3791,5267707,13,5732,2022-11,11-28
2022-11-29,15500,5283207,4,5736,2022-11,11-29
2022-11-30,12284,5295491,11,5747,2022-11,11-30
2022-12-01,11027,5306518,17,5764,2022-12,12-01
2022-12-02,10482,5317000,5,5769,2022-12,12-02
2022-12-03,10361,5327361,11,5780,2022-12,12-03
2022-12-04,8523,5335884,7,5787,2022-12,12-04
2022-12-05,3920,5339804,11,5798,2022-12,12-05
2022-12-06,16368,5356172,5,5803,2022-12,12-06
2022-12-07,13742,5369914,7,5810,2022-12,12-07
2022-12-08,11973,5381887,9,5819,2022-12,12-08
2022-12-09,11842,5393729,10,5829,2022-12,12-09
2022-12-10,11682,5405411,8,5837,2022-12,12-10
2022-12-11,9595,5415006,3,5840,2022-12,12-11
2022-12-12,3907,5418913,3,5843,2022-12,12-12
2022-12-13,17688,5436601,3,5846,2022-12,12-13
2022-12-14,15170,5451771,7,5853,2022-12,12-14
2022-12-15,12826,5464597,9,5862,2022-12,12-15
2022-12-16,12392,5476989,8,5870,2022-12,12-16
2022-12-17,12395,5489384,9,5879,2022-12,12-17
2022-12-18,10636,5500020,8,5887,2022-12,12-18
2022-12-19,4190,5504210,7,5894,2022-12,12-19
2022-12-20,18209,5522419,12,5906,2022-12,12-20
2022-12-21,15555,5537974,8,5914,2022-12,12-21
2022-12-22,13935,5551909,9,5923,2022-12,12-22
2022-12-23,12405,5564314,7,5930,2022-12,12-23
2022-12-24,12075,5576389,11,5941,2022-12,12-24
2022-12-25,10494,5586883,4,5945,2022-12,12-25
2022-12-26,3579,5590462,8,5953,2022-12,12-26
2022-12-27,18717,5609179,3,5956,2022-12,12-27
2022-12-28,15772,5624951,10,5966,2022-12,12-28
2022-12-29,13388,5638339,13,5979,2022-12,12-29
2022-12-30,11665,5650004,8,5987,2022-12,12-30
2022-12-31,11592,5661596,5,5992,2022-12,12-31
2023-01-01,9980,5671576,3,5995,2023-01,01-01
2023-01-02,3302,5674878,10,6005,2023-01,01-02
2023-01-03,16955,5691833,5,6010,2023-01,01-03
2023-01-04,13907,5705740,13,6023,2023-01,01-04
2023-01-05,11502,5717242,9,6032,2023-01,01-05
2023-01-06,10403,5727645,8,6040,2023-01,01-06
2023-01-07,9914,5737559,10,6050,2023-01,01-07
2023-01-08,7814,5745373,5,6055,2023-01,01-08
2023-01-09,2841,5748214,4,6059,2023-01,01-09
2023-01-10,12133,5760347,11,6070,2023-01,01-10
2023-01-11,9527,5769874,16,6086,2023-01,01-11
2023-01-12,7940,5777814,10,6096,2023-01,01-12
2023-01-13,7192,5785006,5,6101,2023-01,01-13
2023-01-14,6640,5791646,7,6108,2023-01,01-14
2023-01-15,5745,5797391,6,6114,2023-01,01-15
2023-01-16,2135,5799526,4,6118,2023-01,01-16
2023-01-17,8542,5808068,3,6121,2023-01,01-17
2023-01-18,6632,5814700,9,6130,2023-01,01-18
2023-01-19,5495,5820195,9,6139,2023-01,01-19
2023-01-20,5004,5825199,4,6143,2023-01,01-20
2023-01-21,5158,5830357,5,6148,2023-01,01-21
2023-01-22,2313,5832670,2,6150,2023-01,01-22
2023-01-23,1438,5834108,5,6155,2023-01,01-23
2023-01-24,2125,5836233,1,6156,2023-01,01-24
2023-01-25,3184,5839417,1,6157,2023-01,01-25
2023-01-26,6810,5846227,3,6160,2023-01,01-26
2023-01-27,5081,5851308,5,6165,2023-01,01-27
2023-01-28,4061,5855369,6,6171,2023-01,01-28
2023-01-29,2921,5858290,6,6177,2023-01,01-29
2023-01-30,919,5859209,4,6181,2023-01,01-30
2023-01-31,3694,5862903,3,6184,2023-01,01-31
2023-02-01,3275,5866178,4,6188,2023-02,02-01
2023-02-02,2879,5869057,4,6192,2023-02,02-02
2023-02-03,2548,5871605,4,6196,2023-02,02-03
2023-02-04,2433,5874038,1,6197,2023-02,02-04
2023-02-05,2296,5876334,4,6201,2023-02,02-05
2023-02-06,814,5877148,1,6202,2023-02,02-06
2023-02-07,3042,5880190,2,6204,2023-02,02-07
2023-02-08,2897,5883087,4,6208,2023-02,02-08
2023-02-09,2457,5885544,8,6216,2023-02,02-09
2023-02-10,2366,5887910,2,6218,2023-02,02-10
2023-02-11,2289,5890199,2,6220,2023-02,02-11
2023-02-12,2125,5892324,3,6223,2023-02,02-12
2023-02-13,741,5893065,2,6225,2023-02,02-13
2023-02-14,2698,5895763,4,6229,2023-02,02-14
2023-02-15,2568,5898331,5,6234,2023-02,02-15
2023-02-16,2278,5900609,1,6235,2023-02,02-16
2023-02-17,2095,5902704,7,6242,2023-02,02-17
2023-02-18,1976,5904680,3,6245,2023-02,02-18
2023-02-19,1905,5906585,1,6246,2023-02,02-19
2023-02-20,701,5907286,1,6247,2023-02,02-20
2023-02-21,2500,5909786,1,6248,2023-02,02-21
2023-02-22,2346,5912132,4,6252,2023-02,02-22
2023-02-23,2115,5914247,1,6253,2023-02,02-23
2023-02-24,1956,5916203,5,6258,2023-02,02-24
2023-02-25,1920,5918123,3,6261,2023-02,02-25
2023-02-26,1764,5919887,2,6263,2023-02,02-26
2023-02-27,621,5920508,1,6264,2023-02,02-27
2023-02-28,2324,5922832,3,6267,2023-02,02-28
2023-03-01,2299,5925131,1,6268,2023-03,03-01
2023-03-02,1194,5926325,2,6270,2023-03,03-02
2023-03-03,2294,5928619,4,6274,2023-03,03-03
2023-03-04,2212,5930831,1,6275,2023-03,03-04
2023-03-05,2006,5932837,1,6276,2023-03,03-05
2023-03-06,734,5933571,2,6278,2023-03,03-06
2023-03-07,2741,5936312,3,6281,2023-03,03-07
2023-03-08,2443,5938755,0,6281,2023-03,03-08
2023-03-09,2128,5940883,0,6281,2023-03,03-09
2023-03-10,2168,5943051,1,6282,2023-03,03-10
2023-03-11,1976,5945027,0,6282,2023-03,03-11
2023-03-12,1824,5946851,2,6284,2023-03,03-12
2023-03-13,689,5947540,1,6285,2023-03,03-13
2023-03-14,2396,5949936,0,6285,2023-03,03-14
2023-03-15,2308,5952244,1,6286,2023-03,03-15
2023-03-16,1976,5954220,1,6287,2023-03,03-16
2023-03-17,1988,5956208,0,6287,2023-03,03-17
2023-03-18,1923,5958131,1,6288,2023-03,03-18
2023-03-19,1869,5960000,0,6288,2023-03,03-19
2023-03-20,688,5960688,1,6289,2023-03,03-20
2023-03-21,2836,5963524,1,6290,2023-03,03-21
2023-03-22,2718,5966242,2,6292,2023-03,03-22
2023-03-23,2463,5968705,2,6294,2023-03,03-23
2023-03-24,2190,5970895,1,6295,2023-03,03-24
2023-03-25,2266,5973161,1,6296,2023-03,03-25
2023-03-26,2205,5975366,2,6298,2023-03,03-26
2023-03-27,772,5976138,1,6299,2023-03,03-27
2023-03-28,3113,5979251,0,6299,2023-03,03-28
2023-03-29,2969,5982220,1,6300,2023-03,03-29
2023-03-30,2732,5984952,2,6302,2023-03,03-30
2023-03-31,2477,5987429,3,6305,2023-03,03-31
2023-04-01,2521,5989950,1,6306,2023-04,04-01
2023-04-02,2400,5992350,0,6306,2023-04,04-02
2023-04-03,842,5993192,1,6307,2023-04,04-03
2023-04-04,3584,5996776,3,6310,2023-04,04-04
2023-04-05,3351,6000127,3,6313,2023-04,04-05
2023-04-06,2879,6003006,3,6316,2023-04,04-06
2023-04-07,2664,6005670,2,6318,2023-04,04-07
2023-04-08,2584,6008254,0,6318,2023-04,04-08
2023-04-09,2285,6010539,0,6318,2023-04,04-09
2023-04-10,826,6011365,1,6319,2023-04,04-10
2023-04-11,3485,6014850,3,6322,2023-04,04-11
2023-04-12,3495,6018345,3,6325,2023-04,04-12
2023-04-13,2815,6021160,2,6327,2023-04,04-13
2023-04-14,3009,6024169,0,6327,2023-04,04-14
2023-04-15,2918,6027087,0,6327,2023-04,04-15
2023-04-16,2601,6029688,1,6328,2023-04,04-16
2023-04-17,1055,6030743,1,6329,2023-04,04-17
2023-04-18,4366,6035109,2,6331,2023-04,04-18
2023-04-19,4246,6039355,1,6332,2023-04,04-19
2023-04-20,3680,6043035,2,6334,2023-04,04-20
2023-04-21,3478,6046513,0,6334,2023-04,04-21
2023-04-22,3530,6050043,1,6335,2023-04,04-22
2023-04-23,2958,6053001,1,6336,2023-04,04-23
2023-04-24,1019,6054020,1,6337,2023-04,04-24
2023-04-25,4145,6058165,0,6337,2023-04,04-25
2023-04-26,4217,6062382,3,6340,2023-04,04-26
2023-04-27,3721,6066103,3,6343,2023-04,04-27
2023-04-28,3590,6069693,1,6344,2023-04,04-28
2023-04-29,3661,6073354,0,6344,2023-04,04-29
2023-04-30,3341,6076695,1,6345,2023-04,04-30
2023-05-01,1111,6077806,2,6347,2023-05,05-01
2023-05-02,3963,6081769,3,6350,2023-05,05-02
2023-05-03,5132,6086901,1,6351,2023-05,05-03
2023-05-04,4925,6091826,3,6354,2023-05,05-04
2023-05-05,4645,6096471,1,6355,2023-05,05-05
2023-05-06,2381,6098852,1,6356,2023-05,05-06
2023-05-07,3761,6102613,2,6358,2023-05,05-07
2023-05-08,1641,6104254,2,6360,2023-05,05-08
2023-05-09,5744,6109998,5,6365,2023-05,05-09
2023-05-10,5620,6115618,4,6369,2023-05,05-10
2023-05-11,4855,6120473,3,6372,2023-05,05-11
2023-05-12,5128,6125601,1,6373,2023-05,05-12
2023-05-13,4573,6130174,2,6375,2023-05,05-13
2023-05-14,4181,6134355,2,6377,2023-05,05-14
2023-05-15,1427,6135782,2,6379,2023-05,05-15
2023-05-16,6195,6141977,3,6382,2023-05,05-16
2023-05-17,6043,6148020,4,6386,2023-05,05-17
2023-05-18,5061,6153081,0,6386,2023-05,05-18
2023-05-19,4632,6157713,2,6388,2023-05,05-19
2023-05-20,4370,6162083,2,6390,2023-05,05-20
2023-05-21,4194,6166277,1,6391,2023-05,05-21
2023-05-22,1269,6167546,6,6397,2023-05,05-22
2023-05-23,5361,6172907,1,6398,2023-05,05-23
2023-05-24,5309,6178216,2,6400,2023-05,05-24
2023-05-25,4432,6182648,2,6402,2023-05,05-25
2023-05-26,4213,6186861,2,6404,2023-05,05-26
2023-05-27,4078,6190939,0,6404,2023-05,05-27
2023-05-28,2373,6193312,0,6404,2023-05,05-28
2023-05-29,1393,6194705,1,6405,2023-05,05-29
2023-05-30,3321,6198026,1,6406,2023-05,05-30
2023-05-31,5984,6204010,6,6412,2023-05,05-31
2023-06-01,5568,6209578,2,6414,2023-06,06-01
2023-06-02,4710,6214288,3,6417,2023-06,06-02
2023-06-03,4149,6218437,2,6419,2023-06,06-03
2023-06-04,3748,6222185,0,6419,2023-06,06-04
2023-06-05,1175,6223360,1,6420,2023-06,06-05
2023-06-06,4734,6228094,2,6422,2023-06,06-06
2023-06-07,2785,6230879,0,6422,2023-06,06-07
2023-06-08,4865,6235744,3,6425,2023-06,06-08
2023-06-09,4671,6240415,4,6429,2023-06,06-09
2023-06-10,3861,6244276,1,6430,2023-06,06-10
2023-06-11,3506,6247782,2,6432,2023-06,06-11
2023-06-12,866,6248648,1,6433,2023-06,06-12
2023-06-13,4758,6253406,3,6436,2023-06,06-13
2023-06-14,4207,6257613,1,6437,2023-06,06-14
2023-06-15,3720,6261333,2,6439,2023-06,06-15
2023-06-16,3548,6264881,4,6443,2023-06,06-16
2023-06-17,3463,6268344,1,6444,2023-06,06-17
2023-06-18,3212,6271556,2,6446,2023-06,06-18
2023-06-19,1047,6272603,1,6447,2023-06,06-19
2023-06-20,4454,6277057,2,6449,2023-06,06-20
2023-06-21,4267,6281324,3,6452,2023-06,06-21
2023-06-22,3466,6284790,4,6456,2023-06,06-22
2023-06-23,3510,6288300,1,6457,2023-06,06-23
2023-06-24,3440,6291740,0,6457,2023-06,06-24
2023-06-25,3334,6295074,1,6458,2023-06,06-25
2023-06-26,1141,6296215,0,6458,2023-06,06-26
2023-06-27,4867,6301082,5,6463,2023-06,06-27
2023-06-28,4615,6305697,1,6464,2023-06,06-28
2023-06-29,4088,6309785,2,6466,2023-06,06-29
2023-06-30,3838,6313623,4,6470,2023-06,06-30
2023-07-01,3836,6317459,0,6470,2023-07,07-01
2023-07-02,3479,6320938,0,6470,2023-07,07-02
2023-07-03,1129,6322067,0,6470,2023-07,07-03
2023-07-04,5575,6327642,2,6472,2023-07,07-04
2023-07-05,5328,6332970,3,6475,2023-07,07-05
2023-07-06,4846,6337816,1,6476,2023-07,07-06
2023-07-07,5170,6342986,0,6476,2023-07,07-07
2023-07-08,5092,6348078,0,6476,2023-07,07-08
2023-07-09,4442,6352520,0,6476,2023-07,07-09
2023-07-10,1375,6353895,0,6476,2023-07,07-10
2023-07-11,6511,6360406,0,6476,2023-07,07-11
2023-07-12,6413,6366819,2,6478,2023-07,07-12
2023-07-13,5484,6372303,2,6480,2023-07,07-13
2023-07-14,5489,6377792,3,6483,2023-07,07-14
2023-07-15,5701,6383493,2,6485,2023-07,07-15
2023-07-16,4950,6388443,0,6485,2023-07,07-16
2023-07-17,1779,6390222,1,6486,2023-07,07-17
2023-07-18,8377,6398599,0,6486,2023-07,07-18
2023-07-19,8204,6406803,0,6486,2023-07,07-19
2023-07-20,7471,6414274,2,6488,2023-07,07-20
2023-07-21,7719,6421993,2,6490,2023-07,07-21
2023-07-22,7731,6429724,0,6490,2023-07,07-22
2023-07-23,7904,6437628,1,6491,2023-07,07-23
2023-07-24,2235,6439863,2,6493,2023-07,07-24
2023-07-25,10222,6450085,2,6495,2023-07,07-25
2023-07-26,10169,6460254,3,6498,2023-07,07-26
2023-07-27,9207,6469461,3,6501,2023-07,07-27
2023-07-28,8887,6478348,0,6501,2023-07,07-28
2023-07-29,8755,6487103,1,6502,2023-07,07-29
2023-07-30,8062,6495165,0,6502,2023-07,07-30
2023-07-31,2624,6497789,1,6503,2023-07,07-31
2023-08-01,11888,6509677,1,6504,2023-08,08-01
2023-08-02,11939,6521616,3,6507,2023-08,08-02
2023-08-03,9998,6531614,2,6509,2023-08,08-03
2023-08-04,10403,6542017,4,6513,2023-08,08-04
2023-08-05,9621,6551638,4,6517,2023-08,08-05
2023-08-06,8594,6560232,1,6518,2023-08,08-06
2023-08-07,2996,6563228,1,6519,2023-08,08-07
2023-08-08,12332,6575560,0,6519,2023-08,08-08
2023-08-09,12075,6587635,3,6522,2023-08,08-09
2023-08-10,10305,6597940,6,6528,2023-08,08-10
2023-08-11,9235,6607175,4,6532,2023-08,08-11
2023-08-12,8558,6615733,3,6535,2023-08,08-12
2023-08-13,8166,6623899,2,6537,2023-08,08-13
2023-08-14,2729,6626628,3,6540,2023-08,08-14
2023-08-15,9375,6636003,1,6541,2023-08,08-15
2023-08-16,5875,6641878,0,6541,2023-08,08-16
2023-08-17,10124,6652002,5,6546,2023-08,08-17
2023-08-18,9492,6661494,3,6549,2023-08,08-18
2023-08-19,8354,6669848,2,6551,2023-08,08-19
2023-08-20,7327,6677175,3,6554,2023-08,08-20
2023-08-21,2329,6679504,2,6556,2023-08,08-21
2023-08-22,9672,6689176,3,6559,2023-08,08-22
2023-08-23,8823,6697999,2,6561,2023-08,08-23
2023-08-24,7179,6705178,4,6565,2023-08,08-24
2023-08-25,6872,6712050,2,6567,2023-08,08-25
2023-08-26,6730,6718780,3,6570,2023-08,08-26
2023-08-27,6012,6724792,4,6574,2023-08,08-27
2023-08-28,1905,6726697,1,6575,2023-08,08-28
2023-08-29,8485,6735182,1,6576,2023-08,08-29
2023-08-30,7470,6742652,5,6581,2023-08,08-30
2023-08-31,8683,6751335,6,6587,2023-08,08-31
